station_id,longitude,latitude,Ts_current_s,Ts_current_event_id
AE02,-99.058,19.429,4.08,2026-01-02
AL01,-99.145,19.436,1.63,2026-01-02
AO24,-99.154,19.358,0.99,2026-01-02
AP68,-99.107,19.381,2.65,2025-01-12
AR14,-99.076,19.481,3.04,2026-01-02
AU11,-99.087,19.392,3.85,2026-01-02
AU46,-99.168,19.383,0.85,2026-01-02
BA49,-99.145,19.41,2.22,2026-01-02
BL45,-99.148,19.425,2.13,2026-01-02
BO39,-99.105,19.465,2.27,2026-01-02
CA59,-99.118,19.426,2.67,2026-01-02
CDAO,-99.096,19.372,2.85,2022-12-11
CE18,-99.085,19.34,0.5,2026-01-02
CE23,-99.064,19.462,4.14,2026-01-02
CE32,-99.054,19.386,3.81,2026-01-02
CH84,-99.125,19.33,1.28,2026-01-02
CI05,-99.165,19.419,1.9,2026-01-02
CJ03,-99.157,19.41,1.7,2026-01-02
CJ04,-99.157,19.41,1.7,2026-01-02
CO47,-99.17,19.371,0.58,2026-01-02
CO56,-99.159,19.422,2.03,2026-01-02
CP28,-99.084,19.439,0.5,2026-01-02
CS66,-99.098,19.373,2.62,2026-01-02
CS78,-99.226,19.366,0.5,2026-01-02
CU,-99.181076,19.33024,0.5,2022-12-11
CU80,-99.104,19.294,2.2,2026-01-02
D270,-99.203,19.343,0.78,2026-01-02
DM12,-99.096,19.431,2.88,2026-01-02
DR16,-99.183,19.5005,0.59,2026-01-02
DX37,-99.144,19.332,0.95,2026-01-02
EO30,-99.177,19.389,0.58,2026-01-02
ES57,-99.177,19.402,0.84,2026-01-02
FJ74,-99.21,19.299,0.5,2025-01-12
GA62,-99.14,19.439,1.86,2026-01-02
GC38,-99.106,19.316,1.56,2026-01-02
GR27,-99.18,19.475,0.73,2026-01-02
HA41,-99.079,19.418,4.64,2022-12-11
HJ72,-99.13,19.425,2.11,2026-01-02
IB22,-99.13,19.345,1.31,2026-01-02
IM40,-99.203,19.343,0.5,2026-01-02
JA43,-99.125,19.405,2.65,2026-01-02
JC54,-99.127,19.313,1.09,2026-01-02
LI33,-98.963,19.306,2.33,2026-01-02
LI58,-99.157,19.426,1.86,2026-01-02
LV17,-99.127,19.493,1.42,2026-01-02
ME52,-99.182,19.438,0.66,2026-01-02
MI15,-99.125,19.283,1.44,2023-12-07
MT50,-99.19,19.425,0.51,2025-01-12
MY19,-99.043,19.346,2.52,2026-01-02
NZ20,-99.0,19.403,4.45,2026-01-02
NZ31,-99.025,19.417,4.94,2026-01-02
PA34,-99.049,19.202,0.5,2025-01-12
PD42,-99.1,19.405,3.51,2026-01-02
PE10,-99.132,19.381,1.68,2026-01-02
RI76,-99.1,19.447,2.94,2026-01-02
RM48,-99.128,19.436,2.18,2026-01-02
SCT,-99.149,19.395,1.66,2022-12-11
SI53,-99.148,19.375,1.27,2026-01-02
SP51,-99.119,19.366,1.72,2026-01-02
SS60,-99.147,19.393,1.6,2026-01-02
SXVI,-99.171,19.358,0.53,2022-12-11
TCYA,-99.194,19.403,0.5,2022-12-11
TH35,-99.0,19.279,4.47,2026-01-02
TL08,-99.134,19.45,1.7,2026-01-02
TL55,-99.1425,19.445,1.65,2026-01-02
TP13,-99.171,19.292,0.5,2026-01-02
UC44,-99.165,19.434,1.28,2026-01-02
UI21,-99.264,19.37,0.5,2026-01-02
VG09,-99.123,19.454,2.04,2026-01-02
VM29,-99.125,19.381,2.22,2026-01-02
XO36,-99.102,19.271,3.2,2026-01-02
XP06,-99.135,19.42,2.22,2026-01-02
